polytree_size,n_hidden,n_observed,n_samples,discrepancy_error_mean,discrepancy_error_std,structure_success_rate
10,2,8,10000000,0.6918790737548509,0.3180791519588017,0.5
15,4,11,10000000,0.8152497469748596,0.3031766585050282,0.4
20,4,16,10000000,0.4908766019657239,0.34214051649637794,0.7
25,7,18,10000000,1.0431683018231237,0.3825797126293999,0.8
30,8,22,10000000,2.594661125236609,0.9733672874251498,0.5
