polytree_size,n_samples,n_latent_mean,n_latent_std,n_observed_mean,n_observed_std,discrepancy_error_mean,precision_mean,recall_mean,f1_mean,perfect_recovery_rate
4,15000000,1.0,0.0,3.0,0.0,0.13011976561119246,0.9666666666666666,0.9666666666666666,0.9666666666666666,0.9
4,20000000,1.0,0.0,3.0,0.0,0.1022942150338848,0.9666666666666666,0.9666666666666666,0.9666666666666666,0.9
5,15000000,1.0,0.0,4.0,0.0,0.23840465600462166,0.975,0.975,0.975,0.9
5,20000000,1.0,0.0,4.0,0.0,0.22893550055327744,0.9400000000000001,0.95,0.9444444444444444,0.9
6,15000000,1.2,0.4,4.8,0.39999999999999997,0.12925315774310814,0.95,0.9400000000000001,0.9444444444444444,0.9
6,20000000,1.2,0.4,4.8,0.39999999999999997,0.11576449572683652,0.9400000000000001,0.9400000000000001,0.9400000000000001,0.9
