polytree_size,n_samples,n_latent_mean,n_latent_std,n_observed_mean,n_observed_std,discrepancy_error_mean,precision_mean,recall_mean,f1_mean,perfect_recovery_rate
4,15000000,1.0,0.0,3.0,0.0,0.20794457567996014,0.9666666666666666,0.9666666666666666,0.9666666666666666,0.9
4,20000000,1.0,0.0,3.0,0.0,0.20743603786535553,0.95,0.9333333333333332,0.9400000000000001,0.9
5,15000000,1.0,0.0,4.0,0.0,0.012684421542907453,1.0,1.0,1.0,1.0
5,20000000,1.0,0.0,4.0,0.0,0.311319750069185,0.95,0.95,0.95,0.8
6,15000000,1.2,0.4,4.8,0.39999999999999997,1.4827265122916227,0.7533333333333333,0.78,0.7654545454545454,0.5
6,20000000,1.3,0.45825756949558394,4.7,0.45825756949558405,0.11865793915553499,0.95,0.96,0.9545454545454545,0.9
