polytree_size,n_samples,n_latent_mean,n_latent_std,n_observed_mean,n_observed_std,discrepancy_error_mean,precision_mean,recall_mean,f1_mean,perfect_recovery_rate
4,15000000,1.0,0.0,3.0,0.0,0.13011976561119246,0.9666666666666666,0.9666666666666666,0.9666666666666666,0.9
5,15000000,1.0,0.0,4.0,0.0,0.021553995844587524,0.9400000000000001,0.95,0.9444444444444444,0.9
6,15000000,1.0,0.0,5.0,0.0,0.12894196413735443,0.8400000000000001,0.86,0.849090909090909,0.7
7,15000000,1.0,0.0,6.0,0.0,0.3096664816475677,0.5285714285714285,0.5833333333333334,0.5538461538461538,0.2
8,15000000,1.0,0.0,7.0,0.0,0.32354300052441803,0.48654761904761895,0.557142857142857,0.5176750700280112,0.1
