{
  "300": {
    "precision": 1.0,
    "recall": 1.0,
    "f1": 1.0,
    "precision_std": 0.0,
    "recall_std": 0.0,
    "f1_std": 0.0,
    "n_obs": 220.43333333333334,
    "n_true_lat": 79.56666666666666,
    "unmatched_latents": 0.0,
    "runtime": 34.41368007659912
  }
}