{
  "10": {
    "precision": 1.0,
    "recall": 1.0,
    "f1": 1.0,
    "precision_std": 0.0,
    "recall_std": 0.0,
    "f1_std": 0.0,
    "n_obs": 7.366666666666666,
    "n_true_lat": 2.6333333333333333,
    "unmatched_latents": 0.0,
    "runtime": 0.0163729190826416
  },
  "15": {
    "precision": 1.0,
    "recall": 1.0,
    "f1": 1.0,
    "precision_std": 0.0,
    "recall_std": 0.0,
    "f1_std": 0.0,
    "n_obs": 11.166666666666666,
    "n_true_lat": 3.8333333333333335,
    "unmatched_latents": 0.0,
    "runtime": 0.02635788917541504
  },
  "20": {
    "precision": 1.0,
    "recall": 1.0,
    "f1": 1.0,
    "precision_std": 0.0,
    "recall_std": 0.0,
    "f1_std": 0.0,
    "n_obs": 14.9,
    "n_true_lat": 5.1,
    "unmatched_latents": 0.0,
    "runtime": 0.044651031494140625
  },
  "25": {
    "precision": 1.0,
    "recall": 1.0,
    "f1": 1.0,
    "precision_std": 0.0,
    "recall_std": 0.0,
    "f1_std": 0.0,
    "n_obs": 18.666666666666668,
    "n_true_lat": 6.333333333333333,
    "unmatched_latents": 0.0,
    "runtime": 0.06415081024169922
  },
  "30": {
    "precision": 1.0,
    "recall": 1.0,
    "f1": 1.0,
    "precision_std": 0.0,
    "recall_std": 0.0,
    "f1_std": 0.0,
    "n_obs": 22.033333333333335,
    "n_true_lat": 7.966666666666667,
    "unmatched_latents": 0.0,
    "runtime": 0.09067702293395996
  },
  "35": {
    "precision": 1.0,
    "recall": 0.9977777777777778,
    "f1": 0.9988505747126436,
    "precision_std": 0.0,
    "recall_std": 0.01217161238900369,
    "f1_std": 0.0062956615805191424,
    "n_obs": 25.766666666666666,
    "n_true_lat": 9.233333333333333,
    "unmatched_latents": 0.0,
    "runtime": 0.12288808822631836
  },
  "40": {
    "precision": 0.9977777777777778,
    "recall": 0.9977777777777778,
    "f1": 0.9977777777777778,
    "precision_std": 0.01217161238900369,
    "recall_std": 0.01217161238900369,
    "f1_std": 0.01217161238900369,
    "n_obs": 29.2,
    "n_true_lat": 10.8,
    "unmatched_latents": 0.03333333333333333,
    "runtime": 0.16353797912597656
  },
  "45": {
    "precision": 0.9984126984126984,
    "recall": 0.996969696969697,
    "f1": 0.9976744186046512,
    "precision_std": 0.00869400884928836,
    "recall_std": 0.016597653257732315,
    "f1_std": 0.012737733895468981,
    "n_obs": 33.233333333333334,
    "n_true_lat": 11.766666666666667,
    "unmatched_latents": 0.0,
    "runtime": 0.22881412506103516
  },
  "50": {
    "precision": 0.9916618357487922,
    "recall": 0.9878803418803418,
    "f1": 0.9897058823529412,
    "precision_std": 0.025438038844211995,
    "recall_std": 0.03387181082394624,
    "f1_std": 0.029117299884330924,
    "n_obs": 36.833333333333336,
    "n_true_lat": 13.166666666666666,
    "unmatched_latents": 0.06666666666666667,
    "runtime": 0.28960299491882324
  },
  "55": {
    "precision": 0.9968253968253968,
    "recall": 0.9954545454545455,
    "f1": 0.9961240310077518,
    "precision_std": 0.0173880176985767,
    "recall_std": 0.02489647988659846,
    "f1_std": 0.021229556492448294,
    "n_obs": 40.666666666666664,
    "n_true_lat": 14.333333333333334,
    "unmatched_latents": 0.06666666666666667,
    "runtime": 0.33899497985839844
  },
  "60": {
    "precision": 0.9958840579710144,
    "recall": 0.9945555555555555,
    "f1": 0.9952056737588654,
    "precision_std": 0.016381370626692527,
    "recall_std": 0.02072411986832566,
    "f1_std": 0.018368521438394642,
    "n_obs": 44.233333333333334,
    "n_true_lat": 15.766666666666667,
    "unmatched_latents": 0.03333333333333333,
    "runtime": 0.4193878173828125
  },
  "65": {
    "precision": 0.9646284292088549,
    "recall": 0.97520729824481,
    "f1": 0.9639444147190731,
    "precision_std": 0.138306377412707,
    "recall_std": 0.04302359894894577,
    "f1_std": 0.11439432524038126,
    "n_obs": 47.9,
    "n_true_lat": 17.1,
    "unmatched_latents": 1.6333333333333333,
    "runtime": 0.515570878982544
  },
  "70": {
    "precision": 0.9789423610417568,
    "recall": 0.9750867747342997,
    "f1": 0.9767975938747291,
    "precision_std": 0.04644756525062924,
    "recall_std": 0.051858872720592517,
    "f1_std": 0.04747074494064541,
    "n_obs": 51.53333333333333,
    "n_true_lat": 18.466666666666665,
    "unmatched_latents": 0.36666666666666664,
    "runtime": 0.5926151275634766
  },
  "75": {
    "precision": 0.9888025716973086,
    "recall": 0.9869100752888414,
    "f1": 0.9878338539604745,
    "precision_std": 0.02929237997418986,
    "recall_std": 0.031112886393213406,
    "f1_std": 0.029915061188955244,
    "n_obs": 55.06666666666667,
    "n_true_lat": 19.933333333333334,
    "unmatched_latents": 0.2,
    "runtime": 0.7079248428344727
  },
  "80": {
    "precision": 0.9278972267367646,
    "recall": 0.9703954133604944,
    "f1": 0.9365420109293571,
    "precision_std": 0.1876512252726571,
    "recall_std": 0.044525668416673304,
    "f1_std": 0.1523528836026188,
    "n_obs": 59.03333333333333,
    "n_true_lat": 20.966666666666665,
    "unmatched_latents": 4.366666666666666,
    "runtime": 0.8625791072845459
  },
  "85": {
    "precision": 0.9785601439259977,
    "recall": 0.9783686927135594,
    "f1": 0.9783516925352541,
    "precision_std": 0.04483412751810996,
    "recall_std": 0.04338554507091562,
    "f1_std": 0.04304804967171498,
    "n_obs": 62.6,
    "n_true_lat": 22.4,
    "unmatched_latents": 0.4,
    "runtime": 0.9644927978515625
  },
  "90": {
    "precision": 0.9257616973195815,
    "recall": 0.965574198769399,
    "f1": 0.9361346857764954,
    "precision_std": 0.16237925877691706,
    "recall_std": 0.042979685050389765,
    "f1_std": 0.12526056857718676,
    "n_obs": 66.3,
    "n_true_lat": 23.7,
    "unmatched_latents": 3.566666666666667,
    "runtime": 1.152642011642456
  },
  "95": {
    "precision": 0.9320504857601509,
    "recall": 0.9723146799860466,
    "f1": 0.9428758274297054,
    "precision_std": 0.16093850552222191,
    "recall_std": 0.05425842865574469,
    "f1_std": 0.12531863005927799,
    "n_obs": 69.86666666666666,
    "n_true_lat": 25.133333333333333,
    "unmatched_latents": 3.466666666666667,
    "runtime": 1.339555025100708
  },
  "100": {
    "precision": 0.8559409632412783,
    "recall": 0.932682337886373,
    "f1": 0.8724024880769715,
    "precision_std": 0.2379970376323117,
    "recall_std": 0.08522911192110692,
    "f1_std": 0.19395760564838524,
    "n_obs": 73.56666666666666,
    "n_true_lat": 26.433333333333334,
    "unmatched_latents": 9.533333333333333,
    "runtime": 1.5691699981689453
  },
  "120": {
    "precision": 0.8144870849833682,
    "recall": 0.95632196977226,
    "f1": 0.8482182617694094,
    "precision_std": 0.276086960549108,
    "recall_std": 0.0526329552086598,
    "f1_std": 0.22104471093711003,
    "n_obs": 88.66666666666667,
    "n_true_lat": 31.333333333333332,
    "unmatched_latents": 18.366666666666667,
    "runtime": 2.7318739891052246
  },
  "140": {
    "precision": 0.6539798868604775,
    "recall": 0.9494232490249455,
    "f1": 0.7060401097052144,
    "precision_std": 0.36976213161230653,
    "recall_std": 0.042450815554153316,
    "f1_std": 0.31410137705284624,
    "n_obs": 102.63333333333334,
    "n_true_lat": 37.36666666666667,
    "unmatched_latents": 74.7,
    "runtime": 4.745804071426392
  }
}