{
  "10": {
    "precision": 1.0,
    "recall": 1.0,
    "f1": 1.0,
    "precision_std": 0.0,
    "recall_std": 0.0,
    "f1_std": 0.0,
    "n_obs": 7.36,
    "n_true_lat": 2.64,
    "unmatched_latents": 0.0,
    "runtime": 0.015231847763061523
  },
  "15": {
    "precision": 1.0,
    "recall": 1.0,
    "f1": 1.0,
    "precision_std": 0.0,
    "recall_std": 0.0,
    "f1_std": 0.0,
    "n_obs": 11.2,
    "n_true_lat": 3.8,
    "unmatched_latents": 0.0,
    "runtime": 0.022673845291137695
  },
  "20": {
    "precision": 1.0,
    "recall": 1.0,
    "f1": 1.0,
    "precision_std": 0.0,
    "recall_std": 0.0,
    "f1_std": 0.0,
    "n_obs": 14.92,
    "n_true_lat": 5.08,
    "unmatched_latents": 0.0,
    "runtime": 0.03820633888244629
  },
  "25": {
    "precision": 1.0,
    "recall": 1.0,
    "f1": 1.0,
    "precision_std": 0.0,
    "recall_std": 0.0,
    "f1_std": 0.0,
    "n_obs": 18.72,
    "n_true_lat": 6.28,
    "unmatched_latents": 0.0,
    "runtime": 0.05436515808105469
  },
  "30": {
    "precision": 1.0,
    "recall": 1.0,
    "f1": 1.0,
    "precision_std": 0.0,
    "recall_std": 0.0,
    "f1_std": 0.0,
    "n_obs": 22.16,
    "n_true_lat": 7.84,
    "unmatched_latents": 0.0,
    "runtime": 0.07738089561462402
  },
  "35": {
    "precision": 1.0,
    "recall": 0.9973333333333333,
    "f1": 0.9986206896551724,
    "precision_std": 0.0,
    "recall_std": 0.01333333333333333,
    "f1_std": 0.006896551724137922,
    "n_obs": 25.76,
    "n_true_lat": 9.24,
    "unmatched_latents": 0.0,
    "runtime": 0.10830211639404297
  },
  "40": {
    "precision": 0.9973333333333333,
    "recall": 0.9973333333333333,
    "f1": 0.9973333333333333,
    "precision_std": 0.01333333333333333,
    "recall_std": 0.01333333333333333,
    "f1_std": 0.01333333333333333,
    "n_obs": 29.24,
    "n_true_lat": 10.76,
    "unmatched_latents": 0.04,
    "runtime": 0.13707923889160156
  },
  "45": {
    "precision": 1.0,
    "recall": 1.0,
    "f1": 1.0,
    "precision_std": 0.0,
    "recall_std": 0.0,
    "f1_std": 0.0,
    "n_obs": 33.24,
    "n_true_lat": 11.76,
    "unmatched_latents": 0.0,
    "runtime": 0.1801149845123291
  },
  "50": {
    "precision": 0.9916608695652174,
    "recall": 0.9871230769230769,
    "f1": 0.9893137254901961,
    "precision_std": 0.026907892087355174,
    "recall_std": 0.03639870708846719,
    "f1_std": 0.03107433324869918,
    "n_obs": 36.92,
    "n_true_lat": 13.08,
    "unmatched_latents": 0.04,
    "runtime": 0.2310187816619873
  },
  "55": {
    "precision": 0.9961904761904762,
    "recall": 0.9945454545454545,
    "f1": 0.9953488372093022,
    "precision_std": 0.01904761904761905,
    "recall_std": 0.027272727272727275,
    "f1_std": 0.02325581395348837,
    "n_obs": 40.72,
    "n_true_lat": 14.28,
    "unmatched_latents": 0.08,
    "runtime": 0.3085031509399414
  },
  "60": {
    "precision": 0.9950608695652172,
    "recall": 0.9934666666666666,
    "f1": 0.9942468085106384,
    "precision_std": 0.017889107407333873,
    "recall_std": 0.022617593938249834,
    "f1_std": 0.020048650651302725,
    "n_obs": 44.36,
    "n_true_lat": 15.64,
    "unmatched_latents": 0.04,
    "runtime": 0.3498990535736084
  },
  "65": {
    "precision": 0.9588444376312711,
    "recall": 0.972748757893772,
    "f1": 0.9586380595676496,
    "precision_std": 0.1512283478980356,
    "recall_std": 0.04548269305938422,
    "f1_std": 0.12474275497715787,
    "n_obs": 47.88,
    "n_true_lat": 17.12,
    "unmatched_latents": 1.92,
    "runtime": 0.4372532367706299
  },
  "70": {
    "precision": 0.9857602450148142,
    "recall": 0.9778057425843855,
    "f1": 0.9815654820580443,
    "precision_std": 0.0340683475344803,
    "recall_std": 0.048864286675751684,
    "f1_std": 0.04023166102603743,
    "n_obs": 51.56,
    "n_true_lat": 18.44,
    "unmatched_latents": 0.28,
    "runtime": 0.5110697746276855
  },
  "75": {
    "precision": 0.9908521303258147,
    "recall": 0.9897219546000033,
    "f1": 0.990268592605612,
    "precision_std": 0.02866270284968029,
    "recall_std": 0.029716998750173106,
    "f1_std": 0.02894196858722082,
    "n_obs": 55.0,
    "n_true_lat": 20.0,
    "unmatched_latents": 0.2,
    "runtime": 0.5873720645904541
  },
  "80": {
    "precision": 0.9166195292269746,
    "recall": 0.9696235475231083,
    "f1": 0.9280096897627681,
    "precision_std": 0.20412586866748683,
    "recall_std": 0.046671667188090925,
    "f1_std": 0.16567755460781677,
    "n_obs": 58.92,
    "n_true_lat": 21.08,
    "unmatched_latents": 5.2,
    "runtime": 0.7254862785339355
  },
  "85": {
    "precision": 0.978950664950665,
    "recall": 0.9759948122086523,
    "f1": 0.9773639776400656,
    "precision_std": 0.04742438481487875,
    "recall_std": 0.047004496377581854,
    "f1_std": 0.04630315322606445,
    "n_obs": 62.44,
    "n_true_lat": 22.56,
    "unmatched_latents": 0.4,
    "runtime": 0.7998001575469971
  },
  "90": {
    "precision": 0.9414144727032885,
    "recall": 0.9626547667974527,
    "f1": 0.9483959663661378,
    "precision_std": 0.11227011130786232,
    "recall_std": 0.04533410438441523,
    "f1_std": 0.08316017481037005,
    "n_obs": 66.28,
    "n_true_lat": 23.72,
    "unmatched_latents": 1.92,
    "runtime": 0.9473750591278076
  },
  "95": {
    "precision": 0.9319368627299244,
    "recall": 0.979558103788134,
    "f1": 0.9445957425659118,
    "precision_std": 0.1721352958480552,
    "recall_std": 0.04317467517157321,
    "f1_std": 0.13212013147980706,
    "n_obs": 69.84,
    "n_true_lat": 25.16,
    "unmatched_latents": 3.92,
    "runtime": 1.1139628887176514
  },
  "100": {
    "precision": 0.8370371662254513,
    "recall": 0.9315089661442965,
    "f1": 0.8579949338171005,
    "precision_std": 0.25547235813994723,
    "recall_std": 0.08812624962098765,
    "f1_std": 0.20782566159668317,
    "n_obs": 73.36,
    "n_true_lat": 26.64,
    "unmatched_latents": 11.16,
    "runtime": 1.317397117614746
  },
  "120": {
    "precision": 0.7831571712009869,
    "recall": 0.9520087404231703,
    "f1": 0.8229655305393824,
    "precision_std": 0.2927013870984428,
    "recall_std": 0.055175315596158916,
    "f1_std": 0.2341293932918039,
    "n_obs": 88.48,
    "n_true_lat": 31.52,
    "unmatched_latents": 21.8,
    "runtime": 2.3196120262145996
  },
  "140": {
    "precision": 0.6785809604415336,
    "recall": 0.9500485792769614,
    "f1": 0.7260481467518572,
    "precision_std": 0.36724947998761914,
    "recall_std": 0.04117737161910791,
    "f1_std": 0.31128556886605746,
    "n_obs": 102.44,
    "n_true_lat": 37.56,
    "unmatched_latents": 67.28,
    "runtime": 3.7981607913970947
  }
}