{
  "20": {
    "precision": 1.0,
    "recall": 1.0,
    "f1": 1.0,
    "precision_std": 0.0,
    "recall_std": 0.0,
    "f1_std": 0.0,
    "n_obs": 14.9,
    "n_true_lat": 5.1,
    "unmatched_latents": 0.0,
    "runtime": 0.07349395751953125
  },
  "30": {
    "precision": 1.0,
    "recall": 1.0,
    "f1": 1.0,
    "precision_std": 0.0,
    "recall_std": 0.0,
    "f1_std": 0.0,
    "n_obs": 22.033333333333335,
    "n_true_lat": 7.966666666666667,
    "unmatched_latents": 0.0,
    "runtime": 0.12662672996520996
  },
  "40": {
    "precision": 0.9977777777777778,
    "recall": 0.9977777777777778,
    "f1": 0.9977777777777778,
    "precision_std": 0.01217161238900369,
    "recall_std": 0.01217161238900369,
    "f1_std": 0.01217161238900369,
    "n_obs": 29.2,
    "n_true_lat": 10.8,
    "unmatched_latents": 0.03333333333333333,
    "runtime": 0.18948078155517578
  },
  "50": {
    "precision": 0.9916618357487922,
    "recall": 0.9878803418803418,
    "f1": 0.9897058823529412,
    "precision_std": 0.025438038844211995,
    "recall_std": 0.03387181082394624,
    "f1_std": 0.029117299884330924,
    "n_obs": 36.833333333333336,
    "n_true_lat": 13.166666666666666,
    "unmatched_latents": 0.06666666666666667,
    "runtime": 0.3501291275024414
  },
  "65": {
    "precision": 0.9646284292088549,
    "recall": 0.97520729824481,
    "f1": 0.9639444147190731,
    "precision_std": 0.138306377412707,
    "recall_std": 0.04302359894894577,
    "f1_std": 0.11439432524038126,
    "n_obs": 47.9,
    "n_true_lat": 17.1,
    "unmatched_latents": 1.6333333333333333,
    "runtime": 0.553149938583374
  },
  "80": {
    "precision": 0.9278972267367646,
    "recall": 0.9703954133604944,
    "f1": 0.9365420109293571,
    "precision_std": 0.1876512252726571,
    "recall_std": 0.044525668416673304,
    "f1_std": 0.1523528836026188,
    "n_obs": 59.03333333333333,
    "n_true_lat": 20.966666666666665,
    "unmatched_latents": 4.366666666666666,
    "runtime": 0.8791701793670654
  },
  "100": {
    "precision": 0.8559409632412783,
    "recall": 0.932682337886373,
    "f1": 0.8724024880769715,
    "precision_std": 0.2379970376323117,
    "recall_std": 0.08522911192110692,
    "f1_std": 0.19395760564838524,
    "n_obs": 73.56666666666666,
    "n_true_lat": 26.433333333333334,
    "unmatched_latents": 9.533333333333333,
    "runtime": 1.6533739566802979
  },
  "120": {
    "precision": 0.8144870849833682,
    "recall": 0.95632196977226,
    "f1": 0.8482182617694094,
    "precision_std": 0.276086960549108,
    "recall_std": 0.0526329552086598,
    "f1_std": 0.22104471093711003,
    "n_obs": 88.66666666666667,
    "n_true_lat": 31.333333333333332,
    "unmatched_latents": 18.366666666666667,
    "runtime": 3.4054038524627686
  },
  "150": {
    "precision": 0.5681420388656905,
    "recall": 0.9457796338017869,
    "f1": 0.6216090182425851,
    "precision_std": 0.3988122334960253,
    "recall_std": 0.05998944076619038,
    "f1_std": 0.34852363571904005,
    "n_obs": 110.0,
    "n_true_lat": 40.0,
    "unmatched_latents": 116.93333333333334,
    "runtime": 6.092509031295776
  }
}