{
  "avg_prec_lat": 0.9984323928782938,
  "avg_rec_lat": 0.9986519110007869,
  "avg_f1_lat": 0.9985418022757364,
  "avg_unmatched_rec_latents": 0.36666666666666664,
  "avg_n_obs": 734.9333333333333,
  "avg_n_true_lat": 265.06666666666666,
  "std_prec_lat": 0.0037484642221249,
  "std_rec_lat": 0.0036710000100321875,
  "std_f1_lat": 0.0036633260007804228,
  "std_unmatched_rec_latents": 0.8899179866642238,
  "std_n_obs": 9.209939658094786,
  "std_n_true_lat": 9.209939658094786
}