{
  "avg_prec_lat": 0.8144870849833682,
  "avg_rec_lat": 0.95632196977226,
  "avg_f1_lat": 0.8482182617694094,
  "avg_unmatched_rec_latents": 18.366666666666667,
  "avg_n_obs": 88.66666666666667,
  "avg_n_true_lat": 31.333333333333332,
  "std_prec_lat": 0.276086960549108,
  "std_rec_lat": 0.0526329552086598,
  "std_f1_lat": 0.22104471093711003,
  "std_unmatched_rec_latents": 42.824004977335434,
  "std_n_obs": 2.3537692930823684,
  "std_n_true_lat": 2.353769293082368
}