{
  "avg_prec_lat": 0.6785809604415336,
  "avg_rec_lat": 0.9500485792769614,
  "avg_f1_lat": 0.7260481467518572,
  "avg_unmatched_rec_latents": 67.28,
  "avg_n_obs": 102.44,
  "avg_n_true_lat": 37.56,
  "std_prec_lat": 0.36724947998761914,
  "std_rec_lat": 0.04117737161910791,
  "std_f1_lat": 0.31128556886605746,
  "std_unmatched_rec_latents": 120.50813250565294,
  "std_n_obs": 2.6312227829154518,
  "std_n_true_lat": 2.6312227829154518
}