{
  "avg_prec_lat": 0.9997150997150998,
  "avg_rec_lat": 0.9994350282485875,
  "avg_f1_lat": 0.9995744680851063,
  "avg_unmatched_rec_latents": 0.03333333333333333,
  "avg_n_obs": 184.16666666666666,
  "avg_n_true_lat": 65.83333333333333,
  "std_prec_lat": 0.0015604631267953399,
  "std_rec_lat": 0.00309447772601788,
  "std_f1_lat": 0.0023307342872560294,
  "std_unmatched_rec_latents": 0.18257418583505533,
  "std_n_obs": 4.1279813329347155,
  "std_n_true_lat": 4.127981332934716
}