{
  "avg_prec_lat": 0.9945219910575329,
  "avg_rec_lat": 0.9944812652542122,
  "avg_f1_lat": 0.9944977931502688,
  "avg_unmatched_rec_latents": 0.5,
  "avg_n_obs": 257.6333333333333,
  "avg_n_true_lat": 92.36666666666666,
  "std_prec_lat": 0.013102770950607986,
  "std_rec_lat": 0.013968617043698825,
  "std_f1_lat": 0.013402506290513302,
  "std_unmatched_rec_latents": 1.224744871391589,
  "std_n_obs": 5.555260528564784,
  "std_n_true_lat": 5.555260528564784
}