{
  "avg_prec_lat": 1.0,
  "avg_rec_lat": 1.0,
  "avg_f1_lat": 1.0,
  "avg_unmatched_rec_latents": 0.0,
  "avg_n_obs": 25.766666666666666,
  "avg_n_true_lat": 9.233333333333333,
  "std_prec_lat": 0.0,
  "std_rec_lat": 0.0,
  "std_f1_lat": 0.0,
  "std_unmatched_rec_latents": 0.0,
  "std_n_obs": 1.2780193008453873,
  "std_n_true_lat": 1.2780193008453877
}