{
  "avg_prec_lat": 0.99295829155537,
  "avg_rec_lat": 0.9949924685955474,
  "avg_f1_lat": 0.9939624451430028,
  "avg_unmatched_rec_latents": 0.6333333333333333,
  "avg_n_obs": 294.73333333333335,
  "avg_n_true_lat": 105.26666666666667,
  "std_prec_lat": 0.0171149764955377,
  "std_rec_lat": 0.012091076000153366,
  "std_f1_lat": 0.014460136231151237,
  "std_unmatched_rec_latents": 1.5862193902556443,
  "std_n_obs": 5.982349517298905,
  "std_n_true_lat": 5.982349517298904
}