{
  "avg_prec_lat": 0.9977777777777778,
  "avg_rec_lat": 0.9977777777777778,
  "avg_f1_lat": 0.9977777777777778,
  "avg_unmatched_rec_latents": 0.03333333333333333,
  "avg_n_obs": 29.2,
  "avg_n_true_lat": 10.8,
  "std_prec_lat": 0.01217161238900369,
  "std_rec_lat": 0.01217161238900369,
  "std_f1_lat": 0.01217161238900369,
  "std_unmatched_rec_latents": 0.18257418583505533,
  "std_n_obs": 1.0954451150103321,
  "std_n_true_lat": 1.0954451150103321
}