{
  "avg_prec_lat": 0.9629270414000335,
  "avg_rec_lat": 0.994635110386839,
  "avg_f1_lat": 0.9651296241355136,
  "avg_unmatched_rec_latents": 52.766666666666666,
  "avg_n_obs": 331.23333333333335,
  "avg_n_true_lat": 118.76666666666667,
  "std_prec_lat": 0.170418664141131,
  "std_rec_lat": 0.008610596531741807,
  "std_f1_lat": 0.16047783590638431,
  "std_unmatched_rec_latents": 284.8621788155462,
  "std_n_obs": 5.805368106380052,
  "std_n_true_lat": 5.805368106380052
}