{
  "avg_prec_lat": 0.9984126984126984,
  "avg_rec_lat": 0.996969696969697,
  "avg_f1_lat": 0.9976744186046512,
  "avg_unmatched_rec_latents": 0.0,
  "avg_n_obs": 33.233333333333334,
  "avg_n_true_lat": 11.766666666666667,
  "std_prec_lat": 0.00869400884928836,
  "std_rec_lat": 0.016597653257732315,
  "std_f1_lat": 0.012737733895468981,
  "std_unmatched_rec_latents": 0.0,
  "std_n_obs": 1.4307782626184984,
  "std_n_true_lat": 1.4307782626184986
}