{
  "avg_prec_lat": 0.9961904761904762,
  "avg_rec_lat": 0.9945454545454545,
  "avg_f1_lat": 0.9953488372093022,
  "avg_unmatched_rec_latents": 0.08,
  "avg_n_obs": 40.72,
  "avg_n_true_lat": 14.28,
  "std_prec_lat": 0.01904761904761905,
  "std_rec_lat": 0.027272727272727275,
  "std_f1_lat": 0.02325581395348837,
  "std_unmatched_rec_latents": 0.4,
  "std_n_obs": 1.514375558880073,
  "std_n_true_lat": 1.514375558880073
}