{
  "avg_prec_lat": 0.9950608695652172,
  "avg_rec_lat": 0.9934666666666666,
  "avg_f1_lat": 0.9942468085106384,
  "avg_unmatched_rec_latents": 0.04,
  "avg_n_obs": 44.36,
  "avg_n_true_lat": 15.64,
  "std_prec_lat": 0.017889107407333873,
  "std_rec_lat": 0.022617593938249834,
  "std_f1_lat": 0.020048650651302725,
  "std_unmatched_rec_latents": 0.2,
  "std_n_obs": 1.4106735979665885,
  "std_n_true_lat": 1.4106735979665885
}