{
  "avg_prec_lat": 1.0,
  "avg_rec_lat": 1.0,
  "avg_f1_lat": 1.0,
  "avg_unmatched_rec_latents": 0.0,
  "avg_n_obs": 44.233333333333334,
  "avg_n_true_lat": 15.766666666666667,
  "std_prec_lat": 0.0,
  "std_rec_lat": 0.0,
  "std_f1_lat": 0.0,
  "std_unmatched_rec_latents": 0.0,
  "std_n_obs": 1.5687318254659988,
  "std_n_true_lat": 1.5687318254659988
}