{
  "avg_prec_lat": 0.9646284292088549,
  "avg_rec_lat": 0.97520729824481,
  "avg_f1_lat": 0.9639444147190731,
  "avg_unmatched_rec_latents": 1.6333333333333333,
  "avg_n_obs": 47.9,
  "avg_n_true_lat": 17.1,
  "std_prec_lat": 0.138306377412707,
  "std_rec_lat": 0.04302359894894577,
  "std_f1_lat": 0.11439432524038126,
  "std_unmatched_rec_latents": 8.197911144092547,
  "std_n_obs": 2.1229452540572353,
  "std_n_true_lat": 2.1229452540572353
}