{
  "avg_prec_lat": 1.0,
  "avg_rec_lat": 1.0,
  "avg_f1_lat": 1.0,
  "avg_unmatched_rec_latents": 0.0,
  "avg_n_obs": 55.06666666666667,
  "avg_n_true_lat": 19.933333333333334,
  "std_prec_lat": 0.0,
  "std_rec_lat": 0.0,
  "std_f1_lat": 0.0,
  "std_unmatched_rec_latents": 0.0,
  "std_n_obs": 2.258063456750639,
  "std_n_true_lat": 2.2580634567506386
}