{
  "avg_prec_lat": 1.0,
  "avg_rec_lat": 1.0,
  "avg_f1_lat": 1.0,
  "avg_unmatched_rec_latents": 0.0,
  "avg_n_obs": 59.03333333333333,
  "avg_n_true_lat": 20.966666666666665,
  "std_prec_lat": 0.0,
  "std_rec_lat": 0.0,
  "std_f1_lat": 0.0,
  "std_unmatched_rec_latents": 0.0,
  "std_n_obs": 2.2047493146001615,
  "std_n_true_lat": 2.204749314600162
}