{
  "avg_prec_lat": 0.9414144727032885,
  "avg_rec_lat": 0.9626547667974527,
  "avg_f1_lat": 0.9483959663661378,
  "avg_unmatched_rec_latents": 1.92,
  "avg_n_obs": 66.28,
  "avg_n_true_lat": 23.72,
  "std_prec_lat": 0.11227011130786232,
  "std_rec_lat": 0.04533410438441523,
  "std_f1_lat": 0.08316017481037005,
  "std_unmatched_rec_latents": 4.957485921983709,
  "std_n_obs": 1.947648154398872,
  "std_n_true_lat": 1.947648154398872
}