{
  "avg_prec_lat": 1.0,
  "avg_rec_lat": 1.0,
  "avg_f1_lat": 1.0,
  "avg_unmatched_rec_latents": 0.0,
  "avg_n_obs": 69.86666666666666,
  "avg_n_true_lat": 25.133333333333333,
  "std_prec_lat": 0.0,
  "std_rec_lat": 0.0,
  "std_f1_lat": 0.0,
  "std_unmatched_rec_latents": 0.0,
  "std_n_obs": 2.315365962484092,
  "std_n_true_lat": 2.3153659624840914
}