{
  "avg_prec_lat": 0.8468143069962543,
  "avg_rec_lat": 0.9460321421487149,
  "avg_f1_lat": 0.8681269632772546,
  "avg_unmatched_rec_latents": 12.08,
  "avg_n_obs": 73.76,
  "avg_n_true_lat": 26.24,
  "std_prec_lat": 0.2524549794568181,
  "std_rec_lat": 0.07550725068530913,
  "std_f1_lat": 0.2064836911457649,
  "std_unmatched_rec_latents": 31.275497353261667,
  "std_n_obs": 2.369534527613181,
  "std_n_true_lat": 2.369534527613181
}